Problem Name, Correct, Correct Answer, Prediction 1, Prediction 2, Prediction 3
ed36ccf7,False,"[[0, 0, 5], [0, 0, 5], [0, 5, 0]]","[[5, 0, 0], [0, 5, 5]]"
6150a2bd,False,"[[0, 0, 4], [0, 8, 6], [5, 3, 6]]","[[6, 3, 5], [6, 8, 0], [4, 0, 0]]"
6430c8c4,False,"[[0, 0, 0, 0], [3, 0, 0, 0], [0, 3, 0, 0], [0, 0, 0, 3]]","[[7, 7, 7, 7], [0, 7, 7, 7], [7, 0, 0, 0], [7, 0, 7, 0], [4, 4, 4, 4], [0, 2, 2, 2], [0, 0, 0, 0], [2, 0, 2, 2], [0, 2, 0, 0]]"
b94a9452,False,"[[8, 8, 8, 8, 8, 8], [8, 8, 8, 8, 8, 8], [8, 8, 3, 3, 8, 8], [8, 8, 3, 3, 8, 8], [8, 8, 8, 8, 8, 8], [8, 8, 8, 8, 8, 8]]","[[3, 3, 3, 3, 3, 3], [3, 3, 3, 3, 3, 3], [3, 3, 8, 8, 3, 3], [3, 3, 8, 8, 3, 3], [3, 3, 3, 3, 3, 3], [3, 3, 3, 3, 3, 3]]"
623ea044,False,"[[0, 0, 0, 0, 0, 6, 0, 0, 0, 0, 0, 0, 0, 0, 0, 0, 0], [0, 0, 0, 0, 0, 0, 6, 0, 0, 0, 0, 0, 0, 0, 0, 0, 0], [0, 0, 0, 0, 0, 0, 0, 6, 0, 0, 0, 0, 0, 0, 0, 0, 0], [0, 0, 0, 0, 0, 0, 0, 0, 6, 0, 0, 0, 0, 0, 0, 0, 6], [0, 0, 0, 0, 0, 0, 0, 0, 0, 6, 0, 0, 0, 0, 0, 6, 0], [0, 0, 0, 0, 0, 0, 0, 0, 0, 0, 6, 0, 0, 0, 6, 0, 0], [0, 0, 0, 0, 0, 0, 0, 0, 0, 0, 0, 6, 0, 6, 0, 0, 0], [0, 0, 0, 0, 0, 0, 0, 0, 0, 0, 0, 0, 6, 0, 0, 0, 0], [0, 0, 0, 0, 0, 0, 0, 0, 0, 0, 0, 6, 0, 6, 0, 0, 0], [0, 0, 0, 0, 0, 0, 0, 0, 0, 0, 6, 0, 0, 0, 6, 0, 0], [0, 0, 0, 0, 0, 0, 0, 0, 0, 6, 0, 0, 0, 0, 0, 6, 0], [0, 0, 0, 0, 0, 0, 0, 0, 6, 0, 0, 0, 0, 0, 0, 0, 6], [0, 0, 0, 0, 0, 0, 0, 6, 0, 0, 0, 0, 0, 0, 0, 0, 0], [0, 0, 0, 0, 0, 0, 6, 0, 0, 0, 0, 0, 0, 0, 0, 0, 0], [0, 0, 0, 0, 0, 6, 0, 0, 0, 0, 0, 0, 0, 0, 0, 0, 0], [0, 0, 0, 0, 6, 0, 0, 0, 0, 0, 0, 0, 0, 0, 0, 0, 0], [0, 0, 0, 6, 0, 0, 0, 0, 0, 0, 0, 0, 0, 0, 0, 0, 0]]","[[6]]"
f25ffba3,False,"[[7, 1, 4, 4], [7, 1, 3, 3], [7, 1, 3, 0], [7, 1, 0, 0], [0, 1, 0, 0], [0, 1, 0, 0], [7, 1, 0, 0], [7, 1, 3, 0], [7, 1, 3, 3], [7, 1, 4, 4]]","[[0, 1, 0, 0], [7, 1, 0, 0], [7, 1, 3, 0], [7, 1, 3, 3], [7, 1, 4, 4]]"
f76d97a5,False,"[[0, 0, 0, 3, 0], [0, 3, 0, 0, 0], [0, 3, 3, 0, 3], [0, 0, 0, 3, 0], [3, 3, 3, 0, 0]]","[[3, 3, 3, 5, 3], [3, 5, 3, 3, 3], [3, 5, 5, 3, 5], [3, 3, 3, 5, 3], [5, 5, 5, 3, 3]]"
4347f46a,False,"[[0, 0, 0, 0, 0, 0, 0, 0, 0, 0, 0, 0, 0, 0, 0, 0, 0, 0, 0], [0, 8, 8, 8, 8, 8, 8, 0, 0, 0, 0, 6, 6, 6, 6, 0, 0, 0, 0], [0, 8, 0, 0, 0, 0, 8, 0, 0, 0, 0, 6, 0, 0, 6, 0, 0, 0, 0], [0, 8, 8, 8, 8, 8, 8, 0, 0, 0, 0, 6, 6, 6, 6, 0, 0, 0, 0], [0, 0, 0, 0, 0, 0, 0, 0, 0, 0, 0, 0, 0, 0, 0, 0, 0, 0, 0], [0, 0, 4, 4, 4, 4, 4, 4, 0, 0, 0, 0, 0, 0, 0, 0, 0, 0, 0], [0, 0, 4, 0, 0, 0, 0, 4, 0, 0, 1, 1, 1, 1, 1, 1, 1, 1, 0], [0, 0, 4, 0, 0, 0, 0, 4, 0, 0, 1, 0, 0, 0, 0, 0, 0, 1, 0], [0, 0, 4, 0, 0, 0, 0, 4, 0, 0, 1, 0, 0, 0, 0, 0, 0, 1, 0], [0, 0, 4, 0, 0, 0, 0, 4, 0, 0, 1, 0, 0, 0, 0, 0, 0, 1, 0], [0, 0, 4, 0, 0, 0, 0, 4, 0, 0, 1, 0, 0, 0, 0, 0, 0, 1, 0], [0, 0, 4, 4, 4, 4, 4, 4, 0, 0, 1, 1, 1, 1, 1, 1, 1, 1, 0], [0, 0, 0, 0, 0, 0, 0, 0, 0, 0, 0, 0, 0, 0, 0, 0, 0, 0, 0], [0, 0, 0, 0, 0, 3, 3, 3, 3, 3, 0, 0, 0, 0, 0, 0, 0, 0, 0], [0, 0, 0, 0, 0, 3, 0, 0, 0, 3, 0, 0, 0, 0, 0, 0, 0, 0, 0], [0, 0, 0, 0, 0, 3, 3, 3, 3, 3, 0, 0, 0, 0, 0, 0, 0, 0, 0], [0, 0, 0, 0, 0, 0, 0, 0, 0, 0, 0, 0, 0, 0, 0, 0, 0, 0, 0]]","[[8, 8, 8, 8, 8, 8, 0, 0, 0, 0, 6, 6, 6, 6, 0, 0, 0], [8, 8, 8, 8, 8, 8, 0, 0, 0, 0, 6, 6, 6, 6, 0, 0, 0], [8, 8, 8, 8, 8, 8, 0, 0, 0, 0, 6, 6, 6, 6, 0, 0, 0], [0, 0, 0, 0, 0, 0, 0, 0, 0, 0, 0, 0, 0, 0, 0, 0, 0], [0, 4, 4, 4, 4, 4, 4, 0, 0, 0, 0, 0, 0, 0, 0, 0, 0], [0, 4, 4, 4, 4, 4, 4, 0, 0, 1, 1, 1, 1, 1, 1, 1, 1], [0, 4, 4, 4, 4, 4, 4, 0, 0, 1, 1, 1, 1, 1, 1, 1, 1], [0, 4, 4, 4, 4, 4, 4, 0, 0, 1, 1, 1, 1, 1, 1, 1, 1], [0, 4, 4, 4, 4, 4, 4, 0, 0, 1, 1, 1, 1, 1, 1, 1, 1], [0, 4, 4, 4, 4, 4, 4, 0, 0, 1, 1, 1, 1, 1, 1, 1, 1], [0, 4, 4, 4, 4, 4, 4, 0, 0, 1, 1, 1, 1, 1, 1, 1, 1], [0, 0, 0, 0, 0, 0, 0, 0, 0, 0, 0, 0, 0, 0, 0, 0, 0], [0, 0, 0, 0, 3, 3, 3, 3, 3, 0, 0, 0, 0, 0, 0, 0, 0], [0, 0, 0, 0, 3, 3, 3, 3, 3, 0, 0, 0, 0, 0, 0, 0, 0], [0, 0, 0, 0, 3, 3, 3, 3, 3, 0, 0, 0, 0, 0, 0, 0, 0]]"
ce4f8723,False,"[[3, 3, 3, 0], [3, 0, 3, 0], [0, 3, 0, 3], [3, 3, 3, 0]]","[[1, 0, 1, 0], [1, 0, 1, 0], [0, 1, 0, 0], [1, 0, 1, 0], [4, 4, 4, 4], [2, 2, 0, 0], [0, 0, 2, 0], [0, 2, 0, 2], [2, 2, 2, 0]]"
0520fde7,False,"[[2, 0, 2], [0, 0, 0], [0, 0, 0]]","[[1, 0, 1, 5, 1, 0, 1], [0, 1, 0, 5, 1, 0, 1], [1, 0, 1, 5, 0, 1, 0]]"
ce22a75a,False,"[[0, 0, 0, 0, 0, 0, 1, 1, 1], [0, 0, 0, 0, 0, 0, 1, 1, 1], [0, 0, 0, 0, 0, 0, 1, 1, 1], [1, 1, 1, 0, 0, 0, 1, 1, 1], [1, 1, 1, 0, 0, 0, 1, 1, 1], [1, 1, 1, 0, 0, 0, 1, 1, 1], [1, 1, 1, 0, 0, 0, 0, 0, 0], [1, 1, 1, 0, 0, 0, 0, 0, 0], [1, 1, 1, 0, 0, 0, 0, 0, 0]]","[[0, 0, 0, 0, 0, 0, 5], [0, 0, 0, 0, 0, 0, 0], [0, 0, 0, 0, 0, 0, 0], [5, 0, 0, 0, 0, 0, 5], [0, 0, 0, 0, 0, 0, 0], [0, 0, 0, 0, 0, 0, 0], [5, 0, 0, 0, 0, 0, 0]]"
28e73c20,False,"[[3, 3, 3, 3, 3, 3, 3, 3, 3, 3, 3, 3, 3, 3, 3, 3, 3, 3], [0, 0, 0, 0, 0, 0, 0, 0, 0, 0, 0, 0, 0, 0, 0, 0, 0, 3], [3, 3, 3, 3, 3, 3, 3, 3, 3, 3, 3, 3, 3, 3, 3, 3, 0, 3], [3, 0, 0, 0, 0, 0, 0, 0, 0, 0, 0, 0, 0, 0, 0, 3, 0, 3], [3, 0, 3, 3, 3, 3, 3, 3, 3, 3, 3, 3, 3, 3, 0, 3, 0, 3], [3, 0, 3, 0, 0, 0, 0, 0, 0, 0, 0, 0, 0, 3, 0, 3, 0, 3], [3, 0, 3, 0, 3, 3, 3, 3, 3, 3, 3, 3, 0, 3, 0, 3, 0, 3], [3, 0, 3, 0, 3, 0, 0, 0, 0, 0, 0, 3, 0, 3, 0, 3, 0, 3], [3, 0, 3, 0, 3, 0, 3, 3, 3, 3, 0, 3, 0, 3, 0, 3, 0, 3], [3, 0, 3, 0, 3, 0, 3, 0, 3, 3, 0, 3, 0, 3, 0, 3, 0, 3], [3, 0, 3, 0, 3, 0, 3, 0, 0, 0, 0, 3, 0, 3, 0, 3, 0, 3], [3, 0, 3, 0, 3, 0, 3, 3, 3, 3, 3, 3, 0, 3, 0, 3, 0, 3], [3, 0, 3, 0, 3, 0, 0, 0, 0, 0, 0, 0, 0, 3, 0, 3, 0, 3], [3, 0, 3, 0, 3, 3, 3, 3, 3, 3, 3, 3, 3, 3, 0, 3, 0, 3], [3, 0, 3, 0, 0, 0, 0, 0, 0, 0, 0, 0, 0, 0, 0, 3, 0, 3], [3, 0, 3, 3, 3, 3, 3, 3, 3, 3, 3, 3, 3, 3, 3, 3, 0, 3], [3, 0, 0, 0, 0, 0, 0, 0, 0, 0, 0, 0, 0, 0, 0, 0, 0, 3], [3, 3, 3, 3, 3, 3, 3, 3, 3, 3, 3, 3, 3, 3, 3, 3, 3, 3]]","[[0, 0, 0, 0, 0, 0, 0, 0, 0, 0, 0, 0, 0, 0, 0, 0, 0, 0], [0, 0, 0, 0, 0, 0, 0, 0, 0, 0, 0, 0, 0, 0, 0, 0, 0, 0], [0, 0, 0, 0, 0, 0, 0, 0, 0, 0, 0, 0, 0, 0, 0, 0, 0, 0], [0, 0, 0, 0, 0, 0, 0, 0, 0, 0, 0, 0, 0, 0, 0, 0, 0, 0], [0, 0, 0, 0, 0, 0, 0, 0, 0, 0, 0, 0, 0, 0, 0, 0, 0, 0], [0, 0, 0, 0, 0, 0, 0, 0, 0, 0, 0, 0, 0, 0, 0, 0, 0, 0], [0, 0, 0, 0, 0, 0, 0, 0, 0, 0, 0, 0, 0, 0, 0, 0, 0, 0], [0, 0, 0, 0, 0, 0, 0, 0, 0, 0, 0, 0, 0, 0, 0, 0, 0, 0], [0, 0, 0, 0, 0, 0, 0, 0, 0, 0, 0, 0, 0, 0, 0, 0, 0, 0], [0, 0, 0, 0, 0, 0, 0, 0, 0, 0, 0, 0, 0, 0, 0, 0, 0, 0], [0, 0, 0, 0, 0, 0, 0, 0, 0, 0, 0, 0, 0, 0, 0, 0, 0, 0], [0, 0, 0, 0, 0, 0, 0, 0, 0, 0, 0, 0, 0, 0, 0, 0, 0, 0], [0, 0, 0, 0, 0, 0, 0, 0, 0, 0, 0, 0, 0, 0, 0, 0, 0, 0], [0, 0, 0, 0, 0, 0, 0, 0, 0, 0, 0, 0, 0, 0, 0, 0, 0, 0], [0, 0, 0, 0, 0, 0, 0, 0, 0, 0, 0, 0, 0, 0, 0, 0, 0, 0], [0, 0, 0, 0, 0, 0, 0, 0, 0, 0, 0, 0, 0, 0, 0, 0, 0, 0], [0, 0, 0, 0, 0, 0, 0, 0, 0, 0, 0, 0, 0, 0, 0, 0, 0, 0], [0, 0, 0, 0, 0, 0, 0, 0, 0, 0, 0, 0, 0, 0, 0, 0, 0, 0]]"
b1948b0a,False,"[[2, 7, 7, 2], [2, 7, 2, 7], [7, 7, 7, 2], [7, 2, 7, 2]]","[[6, 7, 7, 6], [6, 7, 6, 7], [7, 7, 7, 6], [7, 6, 7, 6]]"
1cf80156,True,"[[0, 0, 6, 6, 6, 6], [0, 0, 6, 0, 0, 0], [6, 0, 6, 0, 0, 0], [6, 6, 6, 6, 0, 0]]","[[0, 0, 6, 6, 6, 6], [0, 0, 6, 0, 0, 0], [6, 0, 6, 0, 0, 0], [6, 6, 6, 6, 0, 0]]"
d687bc17,False,"[[0, 4, 4, 4, 4, 4, 4, 4, 4, 4, 4, 4, 4, 4, 4, 4, 0], [1, 0, 0, 0, 0, 0, 0, 0, 4, 0, 0, 0, 0, 0, 4, 0, 2], [1, 1, 0, 0, 0, 0, 0, 0, 0, 0, 0, 0, 0, 0, 0, 0, 2], [1, 0, 0, 0, 0, 0, 0, 0, 0, 0, 0, 0, 0, 0, 0, 2, 2], [1, 0, 0, 0, 0, 0, 0, 0, 0, 0, 0, 0, 0, 0, 0, 0, 2], [1, 1, 0, 0, 0, 0, 0, 0, 0, 0, 0, 0, 0, 0, 0, 0, 2], [1, 0, 0, 0, 0, 0, 0, 0, 0, 0, 0, 0, 0, 0, 0, 0, 2], [1, 0, 0, 0, 0, 0, 0, 0, 0, 0, 0, 0, 0, 0, 0, 2, 2], [1, 0, 0, 0, 0, 0, 0, 0, 0, 0, 0, 0, 0, 0, 0, 0, 2], [1, 0, 0, 0, 0, 0, 0, 0, 0, 0, 0, 0, 0, 0, 0, 0, 2], [1, 1, 0, 0, 0, 0, 0, 0, 0, 0, 0, 0, 0, 0, 0, 0, 2], [1, 0, 0, 0, 0, 0, 0, 0, 0, 0, 0, 0, 0, 0, 0, 0, 2], [1, 0, 0, 8, 0, 0, 0, 8, 0, 0, 0, 0, 0, 8, 0, 0, 2], [0, 8, 8, 8, 8, 8, 8, 8, 8, 8, 8, 8, 8, 8, 8, 8, 0]]","[[0, 4, 4, 4, 4, 4, 4, 4, 4, 4, 4, 4, 4, 4, 4, 4, 0], [1, 0, 0, 0, 0, 0, 0, 0, 0, 0, 0, 0, 0, 0, 0, 0, 2], [1, 0, 0, 0, 0, 0, 0, 8, 0, 0, 0, 0, 1, 0, 0, 0, 2], [1, 0, 0, 2, 0, 0, 0, 0, 0, 0, 0, 0, 0, 0, 3, 0, 2], [1, 0, 0, 0, 0, 0, 0, 0, 0, 0, 0, 0, 0, 0, 0, 0, 2], [1, 0, 0, 0, 0, 0, 1, 0, 0, 0, 7, 0, 0, 8, 0, 0, 2], [1, 0, 0, 0, 0, 0, 0, 0, 0, 0, 0, 0, 0, 0, 0, 0, 2], [1, 0, 0, 0, 2, 0, 0, 0, 0, 0, 0, 0, 0, 0, 0, 0, 2], [1, 0, 0, 0, 0, 0, 0, 0, 0, 0, 0, 0, 0, 0, 0, 0, 2], [1, 0, 0, 0, 0, 6, 0, 0, 4, 0, 0, 0, 0, 0, 4, 0, 2], [1, 0, 0, 8, 0, 0, 0, 0, 0, 0, 0, 1, 0, 0, 0, 0, 2], [1, 0, 0, 0, 0, 0, 0, 0, 0, 0, 0, 0, 0, 0, 0, 0, 2], [1, 0, 0, 0, 0, 0, 0, 0, 0, 0, 0, 0, 0, 0, 0, 0, 2], [0, 8, 8, 8, 8, 8, 8, 8, 8, 8, 8, 8, 8, 8, 8, 8, 0]]"
f2829549,False,"[[3, 0, 3], [0, 0, 0], [0, 3, 3], [0, 0, 0]]","[[0, 0, 0, 1, 0, 5, 0], [7, 7, 7, 1, 5, 5, 0], [0, 0, 0, 1, 5, 0, 0], [7, 0, 0, 1, 5, 5, 5]]"
